"Wavelength, nm",E-490 W/m2/nm
119.5,6.19E-05
120.5,5.61E-04
121.5,4.90E-03
122.5,1.18E-03
123.5,4.77E-05
124.5,3.43E-05
125.5,2.88E-05
126.5,3.52E-05
127.5,2.13E-05
128.5,1.73E-05
129.5,3.99E-05
130.5,1.21E-04
131.5,3.98E-05
132.5,4.13E-05
133.5,1.68E-04
134.5,4.57E-05
135.5,3.80E-05
136.5,3.09E-05
137.5,2.92E-05
138.5,3.97E-05
139.5,7.56E-05
140.5,6.08E-05
141.5,4.21E-05
142.5,4.68E-05
143.5,5.11E-05
144.5,5.09E-05
145.5,5.54E-05
146.5,7.09E-05
147.5,8.49E-05
148.5,8.20E-05
149.5,7.96E-05
150.5,8.70E-05
151.5,9.27E-05
152.5,1.16E-04
153.5,1.30E-04
154.5,2.06E-04
155.5,2.14E-04
156.5,1.85E-04
157.5,1.72E-04
158.5,1.68E-04
159.5,1.75E-04
160.5,1.93E-04
161.5,2.23E-04
162.5,2.52E-04
163.5,2.84E-04
164.5,2.97E-04
165.5,4.30E-04
166.5,3.99E-04
167.5,3.88E-04
168.5,4.56E-04
169.5,5.88E-04
170.5,6.62E-04
171.5,6.88E-04
172.5,7.25E-04
173.5,7.65E-04
174.5,9.07E-04
175.5,1.08E-03
176.5,1.22E-03
177.5,1.40E-03
178.5,1.54E-03
179.5,1.58E-03
180.5,1.83E-03
181.5,2.23E-03
182.5,2.24E-03
183.5,2.24E-03
184.5,2.07E-03
185.5,2.31E-03
186.5,2.70E-03
187.5,3.01E-03
188.5,3.29E-03
189.5,3.57E-03
190.5,3.76E-03
191.5,4.17E-03
192.5,4.11E-03
193.5,3.81E-03
194.5,5.21E-03
195.5,5.43E-03
196.5,6.01E-03
197.5,6.19E-03
198.5,6.19E-03
199.5,6.66E-03
200.5,7.33E-03
201.5,8.02E-03
202.5,8.26E-03
203.5,9.22E-03
204.5,1.03E-02
205.5,1.05E-02
206.5,1.11E-02
207.5,1.27E-02
208.5,1.51E-02
209.5,2.14E-02
210.5,2.79E-02
211.5,3.35E-02
212.5,3.13E-02
213.5,3.32E-02
214.5,4.00E-02
215.5,3.62E-02
216.5,3.23E-02
217.5,3.53E-02
218.5,4.44E-02
219.5,4.69E-02
220.5,4.73E-02
221.5,3.96E-02
222.5,4.97E-02
223.5,6.30E-02
224.5,5.90E-02
225.5,5.23E-02
226.5,3.94E-02
227.5,3.99E-02
228.5,5.20E-02
229.5,4.77E-02
230.5,5.21E-02
231.5,5.10E-02
232.5,5.33E-02
233.5,4.47E-02
234.5,3.90E-02
235.5,5.14E-02
236.5,4.86E-02
237.5,4.84E-02
238.5,4.20E-02
239.5,4.41E-02
240.5,3.96E-02
241.5,5.15E-02
242.5,7.06E-02
243.5,6.65E-02
244.5,6.10E-02
245.5,4.94E-02
246.5,5.04E-02
247.5,5.55E-02
248.5,4.57E-02
249.5,5.64E-02
250.5,6.01E-02
251.5,4.60E-02
252.5,4.16E-02
253.5,5.16E-02
254.5,5.96E-02
255.5,7.93E-02
256.5,1.02E-01
257.5,1.25E-01
258.5,1.25E-01
259.5,1.04E-01
260.5,8.55E-02
261.5,8.98E-02
262.5,1.04E-01
263.5,1.66E-01
264.5,2.50E-01
265.5,2.53E-01
266.5,2.49E-01
267.5,2.51E-01
268.5,2.44E-01
269.5,2.39E-01
270.5,2.67E-01
271.5,2.24E-01
272.5,1.97E-01
273.5,1.97E-01
274.5,1.33E-01
275.5,1.75E-01
276.5,2.43E-01
277.5,2.34E-01
278.5,1.59E-01
279.5,8.56E-02
280.5,9.46E-02
281.5,2.08E-01
282.5,2.94E-01
283.5,3.14E-01
284.5,2.35E-01
285.5,1.63E-01
286.5,3.23E-01
287.5,3.36E-01
288.5,3.22E-01
289.5,4.73E-01
290.5,6.01E-01
291.5,5.81E-01
292.5,5.22E-01
293.5,5.36E-01
294.5,5.09E-01
295.5,5.53E-01
296.5,5.10E-01
297.5,5.07E-01
298.5,4.66E-01
299.5,4.84E-01
300.5,4.20E-01
301.5,4.56E-01
302.5,4.89E-01
303.5,6.21E-01
304.5,6.03E-01
305.5,5.95E-01
306.5,5.56E-01
307.5,6.15E-01
308.5,6.11E-01
309.5,4.97E-01
310.5,6.22E-01
311.5,7.29E-01
312.5,6.56E-01
313.5,7.00E-01
314.5,6.63E-01
315.5,6.33E-01
316.5,6.33E-01
317.5,7.74E-01
318.5,6.65E-01
319.5,7.11E-01
320.5,8.05E-01
321.5,7.00E-01
322.5,6.89E-01
323.5,6.61E-01
324.5,7.61E-01
325.5,8.76E-01
326.5,9.80E-01
327.5,9.53E-01
328.5,9.18E-01
329.5,1.06E+00
330.5,1.02E+00
331.5,9.66E-01
332.5,9.55E-01
333.5,9.22E-01
334.5,9.59E-01
335.5,9.43E-01
336.5,8.10E-01
337.5,8.42E-01
338.5,9.22E-01
339.5,9.58E-01
340.5,1.01E+00
341.5,9.24E-01
342.5,9.93E-01
343.5,9.51E-01
344.5,7.96E-01
345.5,9.39E-01
346.5,9.26E-01
347.5,9.02E-01
348.5,8.97E-01
349.5,8.90E-01
350.5,1.05E+00
351.5,9.80E-01
352.5,9.08E-01
353.5,1.03E+00
354.5,1.11E+00
355.5,1.05E+00
356.5,9.12E-01
357.5,7.96E-01
358.5,6.94E-01
359.5,9.91E-01
360.5,9.71E-01
361.5,8.78E-01
362.5,9.98E-01
363.5,9.97E-01
364.5,1.01E+00
365.5,1.15E+00
366.5,1.23E+00
367.5,1.18E+00
368.5,1.10E+00
369.5,1.23E+00
370.5,1.14E+00
371.5,1.18E+00
372.5,1.05E+00
373.5,9.20E-01
374.5,9.00E-01
375.5,1.06E+00
376.5,1.09E+00
377.5,1.28E+00
378.5,1.33E+00
379.5,1.07E+00
380.5,1.20E+00
381.5,1.08E+00
382.5,7.91E-01
383.5,6.84E-01
384.5,9.60E-01
385.5,1.01E+00
386.5,1.01E+00
387.5,1.00E+00
388.5,9.84E-01
389.5,1.17E+00
390.5,1.25E+00
391.5,1.34E+00
392.5,1.02E+00
393.5,5.82E-01
394.5,1.03E+00
395.5,1.31E+00
396.5,8.55E-01
397.5,9.29E-01
398.5,1.52E+00
399.5,1.66E+00
400.5,1.68E+00
401.5,1.75E+00
402.5,1.76E+00
403.5,1.68E+00
404.5,1.67E+00
405.5,1.67E+00
406.5,1.59E+00
407.5,1.63E+00
408.5,1.74E+00
409.5,1.72E+00
410.5,1.53E+00
411.5,1.82E+00
412.5,1.79E+00
413.5,1.76E+00
414.5,1.74E+00
415.5,1.73E+00
416.5,1.84E+00
417.5,1.67E+00
418.5,1.68E+00
419.5,1.70E+00
420.5,1.76E+00
421.5,1.80E+00
422.5,1.58E+00
423.5,1.71E+00
424.5,1.77E+00
425.5,1.70E+00
426.5,1.70E+00
427.5,1.57E+00
428.5,1.59E+00
429.5,1.48E+00
430.5,1.14E+00
431.5,1.69E+00
432.5,1.65E+00
433.5,1.73E+00
434.5,1.67E+00
435.5,1.72E+00
436.5,1.93E+00
437.5,1.81E+00
438.5,1.57E+00
439.5,1.83E+00
440.5,1.71E+00
441.5,1.93E+00
442.5,1.98E+00
443.5,1.91E+00
444.5,1.97E+00
445.5,1.82E+00
446.5,1.89E+00
447.5,2.08E+00
448.5,1.97E+00
449.5,2.03E+00
450.5,2.14E+00
451.5,2.11E+00
452.5,1.94E+00
453.5,1.97E+00
454.5,1.98E+00
455.5,2.03E+00
456.5,2.08E+00
457.5,2.10E+00
458.5,1.97E+00
459.5,2.01E+00
460.5,2.04E+00
461.5,2.06E+00
462.5,2.10E+00
463.5,2.04E+00
464.5,1.98E+00
465.5,2.04E+00
466.5,1.92E+00
467.5,2.02E+00
468.5,1.99E+00
469.5,1.99E+00
470.5,1.88E+00
471.5,2.02E+00
472.5,2.04E+00
473.5,1.99E+00
474.5,2.05E+00
475.5,2.02E+00
476.5,1.96E+00
477.5,2.08E+00
478.5,2.01E+00
479.5,2.08E+00
480.5,2.04E+00
481.5,2.09E+00
482.5,2.02E+00
483.5,2.02E+00
484.5,1.97E+00
485.5,1.83E+00
486.5,1.63E+00
487.5,1.83E+00
488.5,1.91E+00
489.5,1.96E+00
490.5,2.01E+00
491.5,1.90E+00
492.5,1.90E+00
493.5,1.89E+00
494.5,2.06E+00
495.5,1.93E+00
496.5,2.02E+00
497.5,2.02E+00
498.5,1.87E+00
499.5,1.97E+00
500.5,1.86E+00
501.5,1.81E+00
502.5,1.89E+00
503.5,1.93E+00
504.5,1.87E+00
505.5,1.99E+00
506.5,1.96E+00
507.5,1.91E+00
508.5,1.92E+00
509.5,1.92E+00
510.5,1.95E+00
511.5,2.00E+00
512.5,1.87E+00
513.5,1.86E+00
514.5,1.87E+00
515.5,1.90E+00
516.5,1.67E+00
517.5,1.73E+00
518.5,1.65E+00
519.5,1.83E+00
520.5,1.83E+00
521.5,1.91E+00
522.5,1.82E+00
523.5,1.89E+00
524.5,1.96E+00
525.5,1.93E+00
526.5,1.67E+00
527.5,1.83E+00
528.5,1.90E+00
529.5,1.92E+00
530.5,1.95E+00
531.5,1.96E+00
532.5,1.77E+00
533.5,1.92E+00
534.5,1.86E+00
535.5,1.99E+00
536.5,1.87E+00
537.5,1.88E+00
538.5,1.90E+00
539.5,1.83E+00
540.5,1.77E+00
541.5,1.88E+00
542.5,1.83E+00
543.5,1.88E+00
544.5,1.88E+00
545.5,1.90E+00
546.5,1.88E+00
547.5,1.83E+00
548.5,1.86E+00
549.5,1.90E+00
550.5,1.86E+00
551.5,1.87E+00
552.5,1.85E+00
553.5,1.88E+00
554.5,1.90E+00
555.5,1.90E+00
556.5,1.82E+00
557.5,1.85E+00
558.5,1.79E+00
559.5,1.81E+00
560.5,1.84E+00
561.5,1.82E+00
562.5,1.85E+00
563.5,1.86E+00
564.5,1.85E+00
565.5,1.80E+00
566.5,1.83E+00
567.5,1.89E+00
568.5,1.81E+00
569.5,1.86E+00
570.5,1.77E+00
571.5,1.82E+00
572.5,1.89E+00
573.5,1.88E+00
574.5,1.87E+00
575.5,1.83E+00
576.5,1.85E+00
577.5,1.86E+00
578.5,1.78E+00
579.5,1.83E+00
580.5,1.84E+00
581.5,1.85E+00
582.5,1.87E+00
583.5,1.86E+00
584.5,1.86E+00
585.5,1.78E+00
586.5,1.83E+00
587.5,1.85E+00
588.5,1.75E+00
589.5,1.61E+00
590.5,1.81E+00
591.5,1.79E+00
592.5,1.81E+00
593.5,1.80E+00
594.5,1.77E+00
595.5,1.78E+00
596.5,1.81E+00
597.5,1.78E+00
598.5,1.76E+00
599.5,1.77E+00
600.5,1.75E+00
601.5,1.75E+00
602.5,1.72E+00
603.5,1.79E+00
604.5,1.78E+00
605.5,1.76E+00
606.5,1.76E+00
607.5,1.76E+00
608.5,1.74E+00
609.5,1.74E+00
610.5,1.70E+00
611.5,1.75E+00
612.5,1.71E+00
613.5,1.68E+00
614.5,1.71E+00
615.5,1.71E+00
616.5,1.61E+00
617.5,1.71E+00
618.5,1.72E+00
619.5,1.71E+00
620.5,1.73E+00
621.5,1.69E+00
622.5,1.71E+00
623.5,1.67E+00
624.5,1.66E+00
625.5,1.63E+00
626.5,1.70E+00
627.5,1.70E+00
628.5,1.70E+00
629.5,1.68E+00
631,1.64E+00
633,1.65E+00
635,1.66E+00
637,1.65E+00
639,1.65E+00
641,1.61E+00
643,1.62E+00
645,1.63E+00
647,1.60E+00
649,1.56E+00
651,1.61E+00
653,1.60E+00
655,1.53E+00
657,1.38E+00
659,1.55E+00
661,1.57E+00
663,1.56E+00
665,1.56E+00
667,1.54E+00
669,1.55E+00
671,1.52E+00
673,1.52E+00
675,1.51E+00
677,1.51E+00
679,1.50E+00
681,1.49E+00
683,1.48E+00
685,1.46E+00
687,1.47E+00
689,1.46E+00
691,1.45E+00
693,1.45E+00
695,1.44E+00
697,1.42E+00
699,1.43E+00
701,1.39E+00
703,1.39E+00
705,1.42E+00
707,1.40E+00
709,1.38E+00
711,1.39E+00
713,1.37E+00
715,1.37E+00
717,1.35E+00
719,1.33E+00
721,1.33E+00
723,1.35E+00
725,1.35E+00
727,1.35E+00
729,1.32E+00
731,1.33E+00
733,1.32E+00
735,1.31E+00
737,1.31E+00
739,1.28E+00
741,1.26E+00
743,1.29E+00
745,1.28E+00
747,1.28E+00
749,1.27E+00
751,1.26E+00
753,1.26E+00
755,1.26E+00
757,1.25E+00
759,1.24E+00
761,1.24E+00
763,1.24E+00
765,1.22E+00
767,1.19E+00
769,1.20E+00
771,1.20E+00
773,1.21E+00
775,1.19E+00
777,1.20E+00
779,1.19E+00
781,1.19E+00
783,1.18E+00
785,1.18E+00
787,1.18E+00
789,1.17E+00
791,1.16E+00
793,1.14E+00
795,1.13E+00
797,1.15E+00
799,1.14E+00
801,1.14E+00
803,1.13E+00
805,1.12E+00
807,1.12E+00
809,1.10E+00
811,1.11E+00
813,1.12E+00
815,1.11E+00
817,1.10E+00
819,1.06E+00
821,1.08E+00
823,1.07E+00
825,1.08E+00
826,1.08E+00
828,1.08E+00
830,1.06E+00
832,1.05E+00
834,1.04E+00
836,1.05E+00
838,1.04E+00
840,1.04E+00
842,1.04E+00
844,1.02E+00
846,1.03E+00
848,1.02E+00
850,9.66E-01
852,9.96E-01
854,8.78E-01
856,9.76E-01
858,1.01E+00
860,9.97E-01
862,9.95E-01
864,9.99E-01
866,8.86E-01
868,9.40E-01
870,9.75E-01
872,9.83E-01
874,9.71E-01
876,9.64E-01
878,9.75E-01
880,9.55E-01
882,9.51E-01
884,9.58E-01
886,9.38E-01
888,9.44E-01
890,9.53E-01
892,9.39E-01
894,9.33E-01
896,9.39E-01
898,9.34E-01
900,9.16E-01
902,8.92E-01
904,9.29E-01
906,9.18E-01
908,9.03E-01
910,8.92E-01
912,8.97E-01
914,9.07E-01
916,9.00E-01
918,8.95E-01
920,8.91E-01
922,8.63E-01
924,8.59E-01
926,8.61E-01
928,8.77E-01
930,8.68E-01
932,8.65E-01
934,8.64E-01
936,8.55E-01
938,8.58E-01
940,8.44E-01
942,8.25E-01
944,8.32E-01
946,8.38E-01
948,8.41E-01
950,8.37E-01
952,8.32E-01
954,8.08E-01
956,8.08E-01
958,8.19E-01
960,8.15E-01
962,8.09E-01
964,8.01E-01
966,7.95E-01
968,7.97E-01
970,7.96E-01
972,7.94E-01
974,7.82E-01
976,7.83E-01
978,7.78E-01
980,7.75E-01
982,7.76E-01
984,7.70E-01
986,7.66E-01
988,7.62E-01
990,7.54E-01
992,7.57E-01
994,7.56E-01
996,7.53E-01
998,7.51E-01
1000,7.48E-01
1002,7.47E-01
1004,7.26E-01
1006,7.14E-01
1008,7.34E-01
1010,7.31E-01
1012,7.26E-01
1014,7.21E-01
1016,7.14E-01
1018,7.11E-01
1020,7.04E-01
1022,7.02E-01
1024,7.05E-01
1026,7.03E-01
1028,6.99E-01
1030,6.94E-01
1032,6.91E-01
1034,6.82E-01
1036,6.84E-01
1038,6.77E-01
1040,6.76E-01
1042,6.75E-01
1044,6.71E-01
1046,6.60E-01
1048,6.64E-01
1050,6.62E-01
1052,6.59E-01
1054,6.55E-01
1056,6.56E-01
1058,6.45E-01
1060,6.42E-01
1062,6.44E-01
1064,6.46E-01
1066,6.40E-01
1068,6.32E-01
1070,6.24E-01
1072,6.33E-01
1074,6.28E-01
1076,6.28E-01
1078,6.27E-01
1080,6.25E-01
1082,6.10E-01
1084,6.18E-01
1086,6.21E-01
1088,6.10E-01
1090,6.20E-01
1092,6.16E-01
1094,5.85E-01
1096,5.98E-01
1098,5.96E-01
1100,6.04E-01
1102,5.93E-01
1104,5.97E-01
1106,5.95E-01
1108,5.92E-01
1110,5.91E-01
1112,5.84E-01
1114,5.84E-01
1116,5.83E-01
1118,5.82E-01
1120,5.74E-01
1122,5.80E-01
1124,5.77E-01
1126,5.66E-01
1128,5.70E-01
1130,5.65E-01
1132,5.68E-01
1134,5.64E-01
1136,5.66E-01
1138,5.57E-01
1140,5.53E-01
1142,5.53E-01
1144,5.51E-01
1146,5.55E-01
1148,5.53E-01
1150,5.49E-01
1152,5.46E-01
1154,5.48E-01
1156,5.46E-01
1158,5.44E-01
1160,5.32E-01
1162,5.33E-01
1164,5.33E-01
1166,5.30E-01
1168,5.31E-01
1170,5.28E-01
1172,5.32E-01
1174,5.27E-01
1176,5.18E-01
1178,5.19E-01
1180,5.24E-01
1182,5.16E-01
1184,5.10E-01
1186,5.19E-01
1188,5.08E-01
1190,5.09E-01
1192,5.16E-01
1194,5.15E-01
1196,5.08E-01
1198,4.94E-01
1200,5.00E-01
1202,5.07E-01
1204,4.95E-01
1206,5.04E-01
1208,4.89E-01
1210,4.88E-01
1212,4.93E-01
1214,4.94E-01
1216,4.93E-01
1218,4.90E-01
1220,4.88E-01
1222,4.85E-01
1224,4.85E-01
1226,4.82E-01
1228,4.77E-01
1230,4.79E-01
1232,4.75E-01
1234,4.73E-01
1236,4.72E-01
1238,4.70E-01
1240,4.65E-01
1242,4.64E-01
1244,4.62E-01
1246,4.64E-01
1248,4.63E-01
1250,4.62E-01
1252,4.57E-01
1254,4.57E-01
1256,4.55E-01
1258,4.53E-01
1260,4.53E-01
1262,4.50E-01
1264,4.48E-01
1266,4.47E-01
1268,4.42E-01
1270,4.45E-01
1272,4.45E-01
1274,4.43E-01
1276,4.45E-01
1278,4.44E-01
1280,4.36E-01
1282,4.01E-01
1284,4.26E-01
1286,4.33E-01
1288,4.31E-01
1290,4.26E-01
1292,4.25E-01
1294,4.22E-01
1296,4.22E-01
1298,4.18E-01
1300,4.19E-01
1302,4.14E-01
1304,4.11E-01
1306,4.14E-01
1308,4.12E-01
1310,4.11E-01
1312,4.03E-01
1314,4.02E-01
1316,3.98E-01
1318,4.02E-01
1320,4.02E-01
1322,3.99E-01
1324,3.98E-01
1326,3.95E-01
1328,3.91E-01
1330,3.88E-01
1332,3.86E-01
1334,3.89E-01
1336,3.87E-01
1338,3.83E-01
1340,3.79E-01
1342,3.81E-01
1344,3.80E-01
1346,3.77E-01
1348,3.77E-01
1350,3.72E-01
1352,3.74E-01
1354,3.72E-01
1356,3.68E-01
1358,3.69E-01
1360,3.67E-01
1362,3.68E-01
1364,3.66E-01
1366,3.66E-01
1368,3.63E-01
1370,3.60E-01
1372,3.62E-01
1374,3.61E-01
1376,3.56E-01
1378,3.58E-01
1380,3.58E-01
1382,3.55E-01
1384,3.55E-01
1386,3.53E-01
1388,3.53E-01
1390,3.51E-01
1392,3.51E-01
1394,3.49E-01
1396,3.49E-01
1398,3.49E-01
1400,3.43E-01
1402,3.44E-01
1404,3.43E-01
1406,3.43E-01
1408,3.43E-01
1410,3.42E-01
1412,3.35E-01
1414,3.38E-01
1416,3.39E-01
1418,3.39E-01
1420,3.36E-01
1422,3.32E-01
1424,3.31E-01
1426,3.28E-01
1428,3.29E-01
1430,3.26E-01
1432,3.30E-01
1434,3.28E-01
1436,3.29E-01
1438,3.28E-01
1440,3.19E-01
1442,3.19E-01
1444,3.20E-01
1446,3.22E-01
1448,3.22E-01
1450,3.19E-01
1452,3.15E-01
1454,3.14E-01
1456,3.13E-01
1458,3.17E-01
1460,3.16E-01
1462,3.12E-01
1464,3.11E-01
1466,3.11E-01
1468,3.11E-01
1470,3.10E-01
1472,3.07E-01
1474,3.03E-01
1476,3.05E-01
1478,3.04E-01
1480,3.07E-01
1482,3.04E-01
1484,3.04E-01
1486,3.03E-01
1488,2.86E-01
1490,3.02E-01
1492,3.02E-01
1494,3.03E-01
1496,2.97E-01
1498,2.99E-01
1500,3.01E-01
1502,2.92E-01
1504,2.80E-01
1506,2.85E-01
1508,2.92E-01
1510,2.95E-01
1512,2.91E-01
1514,2.88E-01
1516,2.88E-01
1518,2.88E-01
1520,2.87E-01
1522,2.82E-01
1524,2.84E-01
1526,2.85E-01
1528,2.85E-01
1530,2.77E-01
1532,2.82E-01
1534,2.78E-01
1536,2.81E-01
1538,2.77E-01
1540,2.73E-01
1542,2.75E-01
1544,2.78E-01
1546,2.77E-01
1548,2.71E-01
1550,2.71E-01
1552,2.73E-01
1554,2.68E-01
1556,2.67E-01
1558,2.69E-01
1560,2.68E-01
1562,2.70E-01
1564,2.67E-01
1566,2.65E-01
1568,2.63E-01
1570,2.65E-01
1572,2.67E-01
1574,2.61E-01
1576,2.54E-01
1578,2.55E-01
1580,2.65E-01
1582,2.59E-01
1584,2.59E-01
1586,2.60E-01
1588,2.49E-01
1590,2.41E-01
1592,2.53E-01
1594,2.58E-01
1596,2.51E-01
1598,2.55E-01
1600,2.51E-01
1602,2.49E-01
1604,2.50E-01
1606,2.48E-01
1608,2.49E-01
1610,2.40E-01
1612,2.43E-01
1614,2.45E-01
1616,2.37E-01
1618,2.42E-01
1620,2.37E-01
1622,2.38E-01
1624,2.42E-01
1626,2.40E-01
1628,2.42E-01
1630,2.39E-01
1632,2.39E-01
1634,2.36E-01
1636,2.36E-01
1638,2.27E-01
1640,2.26E-01
1642,2.27E-01
1644,2.28E-01
1646,2.29E-01
1648,2.29E-01
1650,2.27E-01
1652,2.27E-01
1654,2.26E-01
1656,2.26E-01
1658,2.25E-01
1660,2.25E-01
1662,2.25E-01
1664,2.23E-01
1666,2.21E-01
1668,2.19E-01
1670,2.23E-01
1672,2.17E-01
1674,2.19E-01
1676,2.16E-01
1678,2.17E-01
1680,2.08E-01
1682,2.05E-01
1684,2.13E-01
1686,2.13E-01
1688,2.12E-01
1690,2.11E-01
1692,2.12E-01
1694,2.11E-01
1696,2.10E-01
1698,2.09E-01
1700,2.06E-01
1702,2.05E-01
1704,2.05E-01
1706,2.05E-01
1708,2.02E-01
1710,2.01E-01
1712,1.98E-01
1714,2.04E-01
1716,2.02E-01
1718,2.01E-01
1720,1.99E-01
1722,1.98E-01
1724,1.95E-01
1726,1.98E-01
1728,1.97E-01
1730,1.98E-01
1732,1.94E-01
1734,1.87E-01
1736,1.83E-01
1738,1.86E-01
1740,1.91E-01
1742,1.90E-01
1744,1.91E-01
1746,1.87E-01
1748,1.87E-01
1750,1.86E-01
1752,1.85E-01
1754,1.86E-01
1756,1.85E-01
1758,1.84E-01
1760,1.83E-01
1762,1.79E-01
1764,1.81E-01
1766,1.82E-01
1768,1.80E-01
1770,1.79E-01
1772,1.79E-01
1774,1.79E-01
1776,1.76E-01
1778,1.75E-01
1780,1.76E-01
1782,1.75E-01
1784,1.74E-01
1786,1.74E-01
1788,1.75E-01
1790,1.73E-01
1792,1.72E-01
1794,1.71E-01
1796,1.71E-01
1798,1.70E-01
1800,1.70E-01
1802,1.67E-01
1804,1.69E-01
1806,1.69E-01
1808,1.69E-01
1810,1.69E-01
1812,1.68E-01
1814,1.66E-01
1816,1.61E-01
1818,1.52E-01
1820,1.60E-01
1822,1.60E-01
1824,1.62E-01
1826,1.63E-01
1828,1.61E-01
1830,1.61E-01
1832,1.59E-01
1834,1.59E-01
1836,1.58E-01
1838,1.56E-01
1840,1.56E-01
1842,1.54E-01
1844,1.54E-01
1846,1.54E-01
1848,1.51E-01
1850,1.55E-01
1852,1.53E-01
1854,1.53E-01
1856,1.51E-01
1858,1.53E-01
1860,1.50E-01
1862,1.50E-01
1864,1.51E-01
1866,1.49E-01
1868,1.49E-01
1870,1.51E-01
1872,1.47E-01
1874,1.40E-01
1876,1.30E-01
1878,1.44E-01
1880,1.46E-01
1882,1.47E-01
1884,1.46E-01
1886,1.44E-01
1888,1.45E-01
1890,1.42E-01
1892,1.41E-01
1894,1.40E-01
1896,1.37E-01
1898,1.39E-01
1900,1.40E-01
1902,1.41E-01
1904,1.39E-01
1906,1.39E-01
1908,1.38E-01
1910,1.38E-01
1912,1.35E-01
1914,1.37E-01
1916,1.36E-01
1918,1.35E-01
1920,1.33E-01
1922,1.35E-01
1924,1.34E-01
1926,1.34E-01
1928,1.32E-01
1930,1.31E-01
1932,1.31E-01
1934,1.32E-01
1936,1.33E-01
1938,1.32E-01
1940,1.30E-01
1942,1.29E-01
1944,1.20E-01
1946,1.19E-01
1948,1.27E-01
1950,1.26E-01
1952,1.26E-01
1954,1.29E-01
1956,1.28E-01
1958,1.27E-01
1960,1.26E-01
1962,1.24E-01
1964,1.22E-01
1966,1.23E-01
1968,1.24E-01
1970,1.24E-01
1972,1.21E-01
1974,1.21E-01
1976,1.22E-01
1978,1.19E-01
1980,1.20E-01
1982,1.21E-01
1984,1.20E-01
1986,1.18E-01
1988,1.20E-01
1990,1.20E-01
1992,1.18E-01
1994,1.16E-01
1996,1.17E-01
1998,1.16E-01
2000,1.17E-01
2002,1.16E-01
2004,1.15E-01
2006,1.15E-01
2008,1.15E-01
2010,1.15E-01
2012,1.15E-01
2014,1.14E-01
2016,1.14E-01
2018,1.13E-01
2020,1.12E-01
2022,1.11E-01
2024,1.12E-01
2026,1.12E-01
2028,1.11E-01
2030,1.09E-01
2032,1.10E-01
2034,1.09E-01
2036,1.08E-01
2038,1.06E-01
2040,1.08E-01
2042,1.08E-01
2044,1.08E-01
2046,1.07E-01
2048,1.06E-01
2050,1.06E-01
2052,1.05E-01
2054,1.05E-01
2056,1.05E-01
2058,1.04E-01
2060,1.03E-01
2062,1.02E-01
2064,1.01E-01
2066,1.03E-01
2068,1.02E-01
2070,1.00E-01
2072,1.00E-01
2074,1.01E-01
2076,1.01E-01
2078,1.00E-01
2080,9.88E-02
2082,9.86E-02
2084,9.77E-02
2086,9.85E-02
2088,9.84E-02
2090,9.79E-02
2092,9.57E-02
2094,9.59E-02
2096,9.58E-02
2098,9.62E-02
2100,9.61E-02
2102,9.58E-02
2104,9.56E-02
2106,9.57E-02
2108,9.51E-02
2110,9.40E-02
2112,9.45E-02
2114,9.44E-02
2116,9.33E-02
2118,9.31E-02
2120,9.28E-02
2122,9.28E-02
2124,9.19E-02
2126,9.21E-02
2128,9.23E-02
2130,9.21E-02
2132,9.21E-02
2134,9.16E-02
2136,9.01E-02
2138,9.11E-02
2140,9.08E-02
2142,9.06E-02
2144,9.01E-02
2146,8.94E-02
2148,8.98E-02
2150,8.96E-02
2152,8.91E-02
2154,8.88E-02
2156,8.87E-02
2158,8.84E-02
2160,8.78E-02
2162,8.69E-02
2164,8.46E-02
2166,7.85E-02
2168,8.30E-02
2170,8.56E-02
2172,8.59E-02
2174,8.59E-02
2176,8.53E-02
2178,8.43E-02
2180,8.50E-02
2182,8.43E-02
2184,8.46E-02
2186,8.47E-02
2188,8.28E-02
2190,8.30E-02
2192,8.38E-02
2194,8.35E-02
2196,8.32E-02
2198,8.30E-02
2200,8.27E-02
2202,8.23E-02
2204,8.21E-02
2206,7.97E-02
2208,7.97E-02
2210,8.08E-02
2212,8.11E-02
2214,8.07E-02
2216,7.99E-02
2218,7.97E-02
2220,8.00E-02
2222,7.96E-02
2224,7.93E-02
2226,7.81E-02
2228,7.83E-02
2230,7.83E-02
2232,7.82E-02
2234,7.80E-02
2236,7.76E-02
2238,7.65E-02
2240,7.64E-02
2242,7.64E-02
2244,7.62E-02
2246,7.61E-02
2248,7.52E-02
2250,7.54E-02
2252,7.51E-02
2254,7.40E-02
2256,7.42E-02
2258,7.44E-02
2260,7.42E-02
2262,7.30E-02
2264,7.33E-02
2266,7.32E-02
2268,7.33E-02
2270,7.30E-02
2272,7.28E-02
2274,7.25E-02
2276,7.24E-02
2278,7.24E-02
2280,7.17E-02
2282,7.01E-02
2284,7.13E-02
2286,7.12E-02
2288,7.13E-02
2290,7.11E-02
2292,7.07E-02
2294,6.92E-02
2296,6.91E-02
2298,6.92E-02
2300,6.95E-02
2302,6.96E-02
2304,6.93E-02
2306,6.92E-02
2308,6.90E-02
2310,6.87E-02
2312,6.87E-02
2314,6.83E-02
2316,6.78E-02
2318,6.75E-02
2320,6.77E-02
2322,6.68E-02
2324,6.54E-02
2326,6.56E-02
2328,6.63E-02
2330,6.62E-02
2332,6.58E-02
2334,6.57E-02
2336,6.54E-02
2338,6.50E-02
2340,6.52E-02
2342,6.54E-02
2344,6.51E-02
2346,6.49E-02
2348,6.47E-02
2350,6.45E-02
2352,6.29E-02
2354,6.24E-02
2356,6.28E-02
2358,6.27E-02
2360,6.31E-02
2362,6.31E-02
2364,6.30E-02
2366,6.28E-02
2368,6.26E-02
2370,6.21E-02
2372,6.21E-02
2374,6.07E-02
2376,6.16E-02
2378,6.19E-02
2380,6.17E-02
2382,6.10E-02
2384,5.89E-02
2386,5.91E-02
2388,6.00E-02
2390,6.03E-02
2392,6.01E-02
2394,6.00E-02
2396,6.00E-02
2398,5.99E-02
2400,5.94E-02
2402,5.97E-02
2404,5.95E-02
2406,5.92E-02
2408,5.92E-02
2410,5.90E-02
2412,5.89E-02
2414,5.73E-02
2416,5.60E-02
2418,5.75E-02
2420,5.77E-02
2422,5.77E-02
2424,5.73E-02
2426,5.72E-02
2428,5.71E-02
2430,5.71E-02
2432,5.70E-02
2434,5.64E-02
2436,5.62E-02
2438,5.60E-02
2440,5.64E-02
2442,5.62E-02
2444,5.60E-02
2446,5.50E-02
2448,5.46E-02
2450,5.46E-02
2452,5.43E-02
2454,5.46E-02
2456,5.37E-02
2458,5.39E-02
2460,5.46E-02
2462,5.44E-02
2464,5.44E-02
2466,5.41E-02
2468,5.39E-02
2470,5.29E-02
2472,5.33E-02
2474,5.31E-02
2476,5.34E-02
2478,5.30E-02
2480,5.18E-02
2482,5.14E-02
2484,5.22E-02
2486,5.16E-02
2488,5.17E-02
2490,5.23E-02
2492,5.20E-02
2494,5.18E-02
2496,5.15E-02
2498,5.15E-02
2500,5.16E-02
2520,4.98E-02
2540,4.81E-02
2560,4.67E-02
2580,4.55E-02
2600,4.46E-02
2620,4.31E-02
2640,4.21E-02
2660,4.08E-02
2680,3.97E-02
2700,3.87E-02
2720,3.76E-02
2740,3.66E-02
2760,3.55E-02
2780,3.47E-02
2800,3.39E-02
2820,3.30E-02
2840,3.21E-02
2860,3.12E-02
2880,3.03E-02
2900,2.97E-02
2920,2.89E-02
2940,2.82E-02
2960,2.75E-02
2980,2.68E-02
3000,2.61E-02
3020,2.55E-02
3040,2.47E-02
3060,2.42E-02
3080,2.36E-02
3100,2.31E-02
3120,2.25E-02
3140,2.20E-02
3160,2.14E-02
3180,2.10E-02
3200,2.05E-02
3220,2.00E-02
3240,1.95E-02
3260,1.91E-02
3280,1.86E-02
3300,1.80E-02
3320,1.77E-02
3340,1.74E-02
3360,1.70E-02
3380,1.66E-02
3400,1.62E-02
3420,1.58E-02
3440,1.55E-02
3460,1.52E-02
3480,1.49E-02
3500,1.46E-02
3520,1.43E-02
3540,1.39E-02
3560,1.36E-02
3580,1.33E-02
3600,1.31E-02
3620,1.28E-02
3640,1.25E-02
3660,1.22E-02
3680,1.19E-02
3700,1.16E-02
3720,1.15E-02
3740,1.11E-02
3760,1.10E-02
3780,1.08E-02
3800,1.06E-02
3820,1.04E-02
3840,1.02E-02
3860,9.98E-03
3880,9.78E-03
3900,9.60E-03
3920,9.43E-03
3940,9.23E-03
3960,9.03E-03
3980,8.86E-03
4000,8.67E-03
4020,8.56E-03
4040,8.39E-03
4060,8.22E-03
4080,8.05E-03
4100,7.89E-03
4120,7.74E-03
4140,7.59E-03
4160,7.44E-03
4180,7.29E-03
4200,7.15E-03
4220,7.02E-03
4240,6.88E-03
4260,6.75E-03
4280,6.62E-03
4300,6.50E-03
4320,6.37E-03
4340,6.25E-03
4360,6.14E-03
4380,6.02E-03
4400,5.91E-03
4420,5.80E-03
4440,5.70E-03
4460,5.59E-03
4480,5.49E-03
4500,5.39E-03
4520,5.30E-03
4540,5.20E-03
4560,5.11E-03
4580,5.02E-03
4600,4.93E-03
4620,4.84E-03
4640,4.76E-03
4660,4.67E-03
4680,4.59E-03
4700,4.51E-03
4720,4.44E-03
4740,4.36E-03
4760,4.29E-03
4780,4.21E-03
4800,4.14E-03
4820,4.07E-03
4840,4.00E-03
4860,3.94E-03
4880,3.87E-03
4900,3.81E-03
4920,3.74E-03
4940,3.68E-03
4960,3.62E-03
4980,3.56E-03
5000,3.50E-03
5050,3.39E-03
5100,3.27E-03
5150,3.15E-03
5200,3.03E-03
5250,2.92E-03
5300,2.82E-03
5350,2.72E-03
5400,2.62E-03
5450,2.53E-03
5500,2.44E-03
5550,2.36E-03
5600,2.28E-03
5650,2.20E-03
5700,2.12E-03
5750,2.05E-03
5800,1.99E-03
5850,1.92E-03
5900,1.86E-03
5950,1.80E-03
6000,1.74E-03
6050,1.69E-03
6100,1.63E-03
6150,1.58E-03
6200,1.53E-03
6250,1.49E-03
6300,1.44E-03
6350,1.40E-03
6400,1.36E-03
6450,1.32E-03
6500,1.28E-03
6550,1.24E-03
6600,1.20E-03
6650,1.17E-03
6700,1.14E-03
6750,1.10E-03
6800,1.07E-03
6850,1.04E-03
6900,1.01E-03
6950,9.86E-04
7000,9.59E-04
7050,9.33E-04
7100,9.08E-04
7150,8.84E-04
7200,8.60E-04
7250,8.37E-04
7300,8.15E-04
7350,7.94E-04
7400,7.74E-04
7450,7.54E-04
7500,7.34E-04
7550,7.16E-04
7600,6.98E-04
7650,6.80E-04
7700,6.63E-04
7750,6.47E-04
7800,6.31E-04
7850,6.16E-04
7900,6.01E-04
7950,5.86E-04
8000,5.72E-04
8050,5.59E-04
8100,5.45E-04
8150,5.32E-04
8200,5.20E-04
8250,5.08E-04
8300,4.96E-04
8350,4.85E-04
8400,4.74E-04
8450,4.63E-04
8500,4.53E-04
8550,4.42E-04
8600,4.32E-04
8650,4.23E-04
8700,4.14E-04
8750,4.04E-04
8800,3.96E-04
8850,3.87E-04
8900,3.79E-04
8950,3.71E-04
9000,3.63E-04
9050,3.55E-04
9100,3.48E-04
9150,3.40E-04
9200,3.33E-04
9250,3.26E-04
9300,3.20E-04
9350,3.13E-04
9400,3.07E-04
9450,3.00E-04
9500,2.94E-04
9550,2.88E-04
9600,2.83E-04
9650,2.77E-04
9700,2.71E-04
9750,2.66E-04
9800,2.61E-04
9850,2.56E-04
9900,2.51E-04
9950,2.46E-04
10000,2.41E-04
11000,1.64E-04
12000,1.15E-04
13000,8.34E-05
14000,6.19E-05
15000,4.69E-05
16000,3.61E-05
17000,2.83E-05
18000,2.25E-05
19000,1.81E-05
20000,1.47E-05
25000,6.05E-06
30000,2.93E-06
35000,1.58E-06
40000,9.31E-07
50000,3.83E-07
60000,1.85E-07
80000,5.88E-08
100000,2.42E-08
120000,1.17E-08
150000,4.81E-09
200000,1.53E-09
250000,6.28E-10
300000,2.95E-10
400000,1.01E-10
1000000,3.38E-12
